id,first_name,last_name,email,gender,JOB-TITLE
1,Ingaberg,Stearndale,istearndale0@yellowpages.com,Female,Nuclear Power Engineer
2,Kass,Spybey,kspybey1@liveinternet.ru,Female,Chief Design Engineer
3,Michail,Mattisson,mmattisson2@bigcartel.com,Male,Tax Accountant
4,Bobbette,Phippin,bphippin3@dot.gov,Female,Graphic Designer
5,Cory,Pflieger,cpflieger4@bluehost.com,Male,Accounting Assistant III
6,Juliann,Aubery,jaubery5@unicef.org,Female,Research Associate
7,Northrop,Piele,npiele6@washington.edu,Male,Social Worker
8,Donny,Scruby,dscruby7@accuweather.com,Female,Data Coordinator
9,Yurik,Allom,yallom8@1und1.de,Male,Computer Systems Analyst II
10,Steve,Oen,soen9@eepurl.com,Male,Structural Engineer
11,Jo,Ettritch,jettritcha@usnews.com,Female,Financial Analyst
12,Maddy,Harpin,mharpinb@princeton.edu,Male,Accountant I
13,Reeta,Killgus,rkillgusc@pinterest.com,Female,VP Accounting
14,Dill,Pashe,dpashed@sitemeter.com,Bigender,Sales Representative
15,Joell,Barnsley,jbarnsleye@discovery.com,Female,Systems Administrator I
16,Odille,D'Antonio,odantoniof@theatlantic.com,Female,Environmental Tech
17,Tera,Pevsner,tpevsnerg@people.com.cn,Female,Biostatistician III
18,Tedmund,Earlam,tearlamh@microsoft.com,Male,Accounting Assistant IV
19,Belia,Latchmore,blatchmorei@blog.com,Female,Community Outreach Specialist
20,Leonore,Paulusch,lpauluschj@engadget.com,Female,Graphic Designer
21,Meaghan,Lumley,mlumleyk@feedburner.com,Female,Cost Accountant
22,Jannel,Jakubovitch,jjakubovitchl@opera.com,Female,Web Designer III
23,Hadley,Bock,hbockm@mozilla.org,Genderfluid,Senior Editor
24,Emlen,Civitillo,ecivitillon@hugedomains.com,Male,Office Assistant III
25,Mal,Zarfati,mzarfatio@com.com,Male,Office Assistant I
26,Kerry,Nind,knindp@chicagotribune.com,Female,Assistant Professor
27,Germaine,Usmar,gusmarq@amazon.de,Male,Recruiter
28,Raven,Spensley,rspensleyr@state.gov,Genderqueer,General Manager
29,Celestyn,Crichley,ccrichleys@clickbank.net,Female,Administrative Officer
30,Gerta,Kerry,gkerryt@businessweek.com,Female,Safety Technician I
31,Derwin,McDonnell,dmcdonnellu@theatlantic.com,Male,Budget/Accounting Analyst II
32,Dawna,Beale,dbealev@ifeng.com,Female,Help Desk Operator
33,Remington,Woodrough,rwoodroughw@edublogs.org,Male,Quality Engineer
34,Daniel,Moggle,dmogglex@ox.ac.uk,Male,Engineer II
35,Reider,Mocher,rmochery@si.edu,Male,Financial Analyst
36,Reggie,Hayto,rhaytoz@geocities.jp,Female,Recruiting Manager
37,Eimile,Taill,etaill10@bluehost.com,Genderqueer,Accounting Assistant I
38,Glenna,Bridgnell,gbridgnell11@edublogs.org,Genderqueer,Analyst Programmer
39,Gizela,Sherer,gsherer12@last.fm,Female,Physical Therapy Assistant
40,Tiffani,Dobie,tdobie13@gnu.org,Female,Senior Sales Associate
41,Payton,Crowthe,pcrowthe14@oakley.com,Male,Paralegal
42,Pansy,Herley,pherley15@live.com,Female,Physical Therapy Assistant
43,Britta,Mousdall,bmousdall16@people.com.cn,Female,Chief Design Engineer
44,Terri,Tiplady,ttiplady17@ucsd.edu,Female,Professor
45,Reynold,Runchman,rrunchman18@house.gov,Genderqueer,Environmental Tech
46,Kylie,Beavington,kbeavington19@pbs.org,Male,Internal Auditor
47,Dukie,Laboune,dlaboune1a@bigcartel.com,Male,Computer Systems Analyst IV
48,Charyl,Raith,craith1b@scientificamerican.com,Female,Information Systems Manager
49,Ugo,Grigoletti,ugrigoletti1c@jimdo.com,Male,Paralegal
50,Wat,Casino,wcasino1d@vkontakte.ru,Male,Computer Systems Analyst IV
51,Sutherland,Gian,sgian1e@hostgator.com,Male,Product Engineer
52,Leodora,Whitwell,lwhitwell1f@go.com,Female,Dental Hygienist
53,Jaime,Whyard,jwhyard1g@spiegel.de,Female,Senior Editor
54,Rana,Salterne,rsalterne1h@over-blog.com,Female,Occupational Therapist
55,Marybeth,Bassano,mbassano1i@tiny.cc,Female,VP Product Management
56,Vail,Willbourne,vwillbourne1j@furl.net,Agender,Assistant Manager
57,Dodi,Whye,dwhye1k@omniture.com,Polygender,Professor
58,Hedwiga,Rabb,hrabb1l@hc360.com,Female,Environmental Specialist
59,Thibaud,Luis,tluis1m@spotify.com,Male,Marketing Assistant
60,Winfield,Guilloton,wguilloton1n@ycombinator.com,Male,Senior Sales Associate
61,Wallis,Lukianov,wlukianov1o@blogs.com,Male,Software Engineer II
62,Chauncey,Creane,ccreane1p@samsung.com,Male,Environmental Specialist
63,Joyce,Brabender,jbrabender1q@psu.edu,Female,Tax Accountant
64,Rosaleen,Happer,rhapper1r@dmoz.org,Female,Assistant Manager
65,Kirstyn,Sterndale,ksterndale1s@fda.gov,Female,Structural Engineer
66,Patrizia,Motte,pmotte1t@webs.com,Female,Junior Executive
67,Roze,Tatters,rtatters1u@cnn.com,Female,Tax Accountant
68,Borg,Fishwick,bfishwick1v@businesswire.com,Non-binary,Editor
69,Norina,Mannock,nmannock1w@cbc.ca,Female,Project Manager
70,Loralyn,Skamal,lskamal1x@sfgate.com,Female,Marketing Manager
71,Marty,Airton,mairton1y@oakley.com,Male,Account Coordinator
72,Celisse,Pasfield,cpasfield1z@noaa.gov,Female,Account Coordinator
73,Yance,Wandrach,ywandrach20@biglobe.ne.jp,Male,Dental Hygienist
74,Deanne,Moss,dmoss21@sakura.ne.jp,Female,Chief Design Engineer
75,Vivyanne,Carwithan,vcarwithan22@washingtonpost.com,Female,Nuclear Power Engineer
76,Barbey,Yellowlee,byellowlee23@cornell.edu,Female,Marketing Assistant
77,Alisander,Beedom,abeedom24@nytimes.com,Male,Media Manager II
78,Kimberlyn,Eslemont,keslemont25@sogou.com,Female,Professor
79,Eryn,Kingwell,ekingwell26@omniture.com,Female,Legal Assistant
80,Dew,Calltone,dcalltone27@auda.org.au,Male,Speech Pathologist
81,Ammamaria,Buncom,abuncom28@tmall.com,Female,Account Executive
82,Tannie,Euels,teuels29@twitpic.com,Male,Assistant Manager
83,Phillip,Hatter,phatter2a@bandcamp.com,Agender,Account Coordinator
84,Rosaline,Holdall,rholdall2b@cisco.com,Female,Senior Cost Accountant
85,Joan,Ellif,jellif2c@ucoz.com,Female,Media Manager IV
86,Yuri,Orrow,yorrow2d@topsy.com,Male,Web Designer IV
87,Karl,Baskett,kbaskett2e@cdbaby.com,Male,Programmer Analyst II
88,Anabelle,Hedney,ahedney2f@yolasite.com,Female,Recruiting Manager
89,Heath,Dottridge,hdottridge2g@hatena.ne.jp,Bigender,Quality Engineer
90,Jessamyn,Carass,jcarass2h@unicef.org,Female,VP Marketing
91,Stearne,Chern,schern2i@examiner.com,Male,Nurse Practicioner
92,Nealon,Nolte,nnolte2j@ca.gov,Male,Staff Accountant I
93,Giorgia,Aleksandrev,galeksandrev2k@mac.com,Female,Marketing Manager
94,Brenden,Grishmanov,bgrishmanov2l@baidu.com,Male,Senior Editor
95,Lilian,Grinikhin,lgrinikhin2m@google.nl,Female,Payment Adjustment Coordinator
96,Terrance,Imlen,timlen2n@yahoo.com,Male,Desktop Support Technician
97,Monti,Cauthra,mcauthra2o@economist.com,Male,Software Engineer I
98,Gusti,Reynard,greynard2p@biblegateway.com,Female,Programmer Analyst I
99,Charlie,Jacmard,cjacmard2q@vistaprint.com,Male,Geological Engineer
100,Harcourt,Mickan,hmickan2r@desdev.cn,Male,Office Assistant IV
101,Dion,Laurentino,dlaurentino2s@pinterest.com,Female,Senior Cost Accountant
102,Kacie,Moakson,kmoakson2t@cbc.ca,Female,Nurse
103,Penelope,Janczak,pjanczak2u@phoca.cz,Female,General Manager
104,Lothario,Trank,ltrank2v@wordpress.org,Male,Database Administrator III
105,Jamie,Gilluley,jgilluley2w@jimdo.com,Female,Sales Representative
106,Sidonia,Greene,sgreene2x@jalbum.net,Female,Product Engineer
107,Fabian,Edmett,fedmett2y@paypal.com,Male,VP Product Management
108,Florie,Chipperfield,fchipperfield2z@reuters.com,Female,Health Coach III
109,Gianni,Iddison,giddison30@telegraph.co.uk,Male,Automation Specialist II
110,Jermain,Wahncke,jwahncke31@archive.org,Male,General Manager
111,Yalonda,De La Salle,ydelasalle32@marriott.com,Female,Help Desk Operator
112,Nickolas,McCurtain,nmccurtain33@yellowpages.com,Male,Senior Developer
113,Colas,Boyes,cboyes34@wufoo.com,Agender,Senior Developer
114,Joel,Macartney,jmacartney35@photobucket.com,Male,Administrative Assistant IV
115,Donni,Barbe,dbarbe36@pagesperso-orange.fr,Female,Registered Nurse
116,Dave,Fourcade,dfourcade37@tripadvisor.com,Male,Quality Control Specialist
117,Knox,Bruno,kbruno38@amazonaws.com,Bigender,Senior Sales Associate
118,Kiley,Waiting,kwaiting39@yellowpages.com,Male,Chemical Engineer
119,Sunny,Croom,scroom3a@cocolog-nifty.com,Male,Systems Administrator I
120,Ricki,Guest,rguest3b@amazon.com,Female,Research Associate
121,Nonna,Bennike,nbennike3c@nytimes.com,Female,Senior Quality Engineer
122,Gard,Allum,gallum3d@scribd.com,Male,Junior Executive
123,Darbie,Slowey,dslowey3e@washingtonpost.com,Female,Environmental Specialist
124,Verina,Benbrick,vbenbrick3f@cloudflare.com,Female,Safety Technician IV
125,Alidia,Chater,achater3g@google.com.br,Female,Payment Adjustment Coordinator
126,Julieta,Longhorne,jlonghorne3h@fastcompany.com,Female,Administrative Officer
127,Theresina,Billings,tbillings3i@ftc.gov,Female,Account Executive
128,Sigfried,Seefus,sseefus3j@yale.edu,Male,Graphic Designer
129,Junie,De la Feld,jdelafeld3k@nymag.com,Female,Budget/Accounting Analyst III
130,Alfredo,Moreby,amoreby3l@mysql.com,Male,Paralegal
131,Ernesta,Sizland,esizland3m@lycos.com,Female,Environmental Specialist
132,Delano,Escalera,descalera3n@seesaa.net,Male,Community Outreach Specialist
133,Melessa,Steffans,msteffans3o@go.com,Polygender,Product Engineer
134,Mathias,Charters,mcharters3p@ask.com,Male,Nurse Practicioner
135,Ediva,Robatham,erobatham3q@jugem.jp,Female,Analyst Programmer
136,Carlota,Glison,cglison3r@usgs.gov,Female,Budget/Accounting Analyst IV
137,Cybill,Heelis,cheelis3s@cafepress.com,Female,Editor
138,Bran,Bortol,bbortol3t@addtoany.com,Male,Operator
139,Ann,Duell,aduell3u@desdev.cn,Female,VP Sales
140,Burt,Littlejohns,blittlejohns3v@i2i.jp,Male,Assistant Manager
141,Beverlee,Richly,brichly3w@icio.us,Female,Tax Accountant
142,Lorraine,Hucks,lhucks3x@bloomberg.com,Female,Human Resources Assistant III
143,Natal,Pagon,npagon3y@biglobe.ne.jp,Male,Geological Engineer
144,Cordell,Simonini,csimonini3z@diigo.com,Male,Human Resources Assistant II
145,Natassia,Rugge,nrugge40@tumblr.com,Female,Database Administrator I
146,Devina,Worrell,dworrell41@mayoclinic.com,Female,Executive Secretary
147,Lonny,Mosdall,lmosdall42@techcrunch.com,Polygender,Research Associate
148,Heddie,Bastie,hbastie43@amazon.com,Female,Mechanical Systems Engineer
149,Cyrus,Mynett,cmynett44@wp.com,Male,Sales Associate
150,Riley,Cushe,rcushe45@wikia.com,Male,Analog Circuit Design manager
151,Adlai,Annetts,aannetts46@mayoclinic.com,Male,VP Accounting
152,Vale,Berriman,vberriman47@archive.org,Male,Safety Technician III
153,Jerry,Loram,jloram48@tmall.com,Female,Geologist I
154,Phelia,Claworth,pclaworth49@acquirethisname.com,Female,Sales Associate
155,Ave,Reinbach,areinbach4a@statcounter.com,Male,Registered Nurse
156,Hester,Edgell,hedgell4b@de.vu,Female,Nurse Practicioner
157,Ives,Penning,ipenning4c@tripadvisor.com,Male,Executive Secretary
158,Woodman,O'Brallaghan,wobrallaghan4d@technorati.com,Polygender,Chemical Engineer
159,Patrick,Ladbrooke,pladbrooke4e@de.vu,Male,VP Quality Control
160,Jenica,Cregg,jcregg4f@marketwatch.com,Female,Clinical Specialist
161,Cecily,Coweuppe,ccoweuppe4g@zdnet.com,Female,Social Worker
162,Carmelina,Boumphrey,cboumphrey4h@123-reg.co.uk,Female,Sales Representative
163,Alene,Hamfleet,ahamfleet4i@ted.com,Female,Librarian
164,Haley,Ledamun,hledamun4j@narod.ru,Female,Technical Writer
165,Syd,Meneghi,smeneghi4k@last.fm,Genderqueer,Pharmacist
166,Gaultiero,Togher,gtogher4l@is.gd,Male,VP Sales
167,Eddy,Petrasek,epetrasek4m@cpanel.net,Female,Account Coordinator
168,Irv,Lyall,ilyall4n@google.com.br,Male,Quality Control Specialist
169,Obadiah,Clewley,oclewley4o@simplemachines.org,Male,Senior Cost Accountant
170,Jennica,Norcutt,jnorcutt4p@google.com.br,Female,Developer II
171,Mercy,Dermot,mdermot4q@mtv.com,Female,Marketing Assistant
172,Hurlee,Babonau,hbabonau4r@parallels.com,Genderqueer,Staff Accountant I
173,Octavius,Grafton,ografton4s@fc2.com,Non-binary,Cost Accountant
174,Shirl,Vaudre,svaudre4t@etsy.com,Female,Research Assistant II
175,Lynette,Kupis,lkupis4u@seesaa.net,Female,Nurse Practicioner
176,Renate,Trinbey,rtrinbey4v@sourceforge.net,Female,Sales Representative
177,Kinny,Chaves,kchaves4w@pinterest.com,Agender,Senior Developer
178,Bartolomeo,Poveleye,bpoveleye4x@nationalgeographic.com,Male,Office Assistant III
179,Marijn,Ohlsen,mohlsen4y@ehow.com,Male,Pharmacist
180,Rickert,Hans,rhans4z@seesaa.net,Male,VP Quality Control
181,Herschel,Schimoni,hschimoni50@cnn.com,Male,Structural Engineer
182,Shanna,Pittman,spittman51@creativecommons.org,Non-binary,Environmental Specialist
183,Isidora,Deinert,ideinert52@thetimes.co.uk,Female,Senior Sales Associate
184,Robbie,Bernadzki,rbernadzki53@blog.com,Male,Sales Representative
185,Neysa,Bleakley,nbleakley54@state.tx.us,Female,Nuclear Power Engineer
186,Connie,Grazier,cgrazier55@youtube.com,Female,Social Worker
187,Reeta,Kristoffersen,rkristoffersen56@spiegel.de,Female,Nurse Practicioner
188,Georg,MacKenzie,gmackenzie57@omniture.com,Male,Legal Assistant
189,Swen,Cleve,scleve58@tripadvisor.com,Male,Help Desk Operator
190,Fitzgerald,Yurlov,fyurlov59@mlb.com,Male,Nurse
191,Donny,Fawlkes,dfawlkes5a@goodreads.com,Female,Paralegal
192,Hillie,McGinny,hmcginny5b@noaa.gov,Male,Account Representative I
193,Lizette,Cheatle,lcheatle5c@tmall.com,Female,Paralegal
194,Erwin,Tison,etison5d@github.com,Male,Research Associate
195,Imogen,Burgett,iburgett5e@amazon.co.jp,Female,Programmer Analyst IV
196,Finley,Nand,fnand5f@delicious.com,Male,Data Coordinator
197,Kellia,Tighe,ktighe5g@skype.com,Female,Geologist I
198,Ibbie,Ducker,iducker5h@cafepress.com,Genderqueer,Programmer Analyst II
199,Augustine,Lettice,alettice5i@nasa.gov,Male,Community Outreach Specialist
200,Arabelle,Cooksley,acooksley5j@geocities.jp,Female,Geologist II
201,Jamesy,Broschek,jbroschek5k@geocities.jp,Male,Health Coach III
202,Amye,Ovington,aovington5l@xrea.com,Female,Senior Editor
203,Bev,Laite,blaite5m@ca.gov,Male,Design Engineer
204,Caro,Holligan,cholligan5n@mediafire.com,Female,Software Engineer III
205,Laurette,Bonelle,lbonelle5o@nifty.com,Female,Recruiting Manager
206,Normand,Manlow,nmanlow5p@marketwatch.com,Male,Senior Developer
207,Carlynne,Durden,cdurden5q@google.co.jp,Female,Executive Secretary
208,Gannie,Allder,gallder5r@163.com,Male,Desktop Support Technician
209,Gilemette,Beebe,gbeebe5s@craigslist.org,Female,Community Outreach Specialist
210,Donnajean,Drohane,ddrohane5t@unesco.org,Agender,Associate Professor
211,Chandler,Doogue,cdoogue5u@exblog.jp,Male,Nurse Practicioner
212,Fara,Kynoch,fkynoch5v@mozilla.com,Female,Product Engineer
213,Bary,Ravilus,bravilus5w@bloglovin.com,Male,Analog Circuit Design manager
214,Arvy,Foulis,afoulis5x@1688.com,Male,Compensation Analyst
215,Cosme,Nevett,cnevett5y@businessinsider.com,Male,VP Quality Control
216,Lorilee,Hurdidge,lhurdidge5z@moonfruit.com,Female,Technical Writer
217,Granville,Whittock,gwhittock60@google.es,Male,Database Administrator II
218,Rhona,Congreave,rcongreave61@blogs.com,Female,Structural Engineer
219,Velvet,Metts,vmetts62@java.com,Female,Human Resources Assistant II
220,Alice,Tilford,atilford63@ft.com,Female,Financial Advisor
221,Enrica,Franses,efranses64@last.fm,Female,Legal Assistant
222,Findlay,Griffen,fgriffen65@chron.com,Male,Human Resources Assistant III
223,Maegan,Christophers,mchristophers66@alibaba.com,Genderqueer,Senior Cost Accountant
224,Bil,Keeffe,bkeeffe67@berkeley.edu,Male,Junior Executive
225,Bonita,Lynn,blynn68@businessinsider.com,Female,Analyst Programmer
226,Rand,Caddick,rcaddick69@virginia.edu,Male,Community Outreach Specialist
227,Brion,Wehden,bwehden6a@paginegialle.it,Male,Financial Advisor
228,Yelena,Kettell,ykettell6b@dot.gov,Female,Civil Engineer
229,Tessi,Aguirrezabala,taguirrezabala6c@cloudflare.com,Female,Cost Accountant
230,Alvy,Hopkyns,ahopkyns6d@meetup.com,Male,Physical Therapy Assistant
231,Gaylor,Pouck,gpouck6e@state.tx.us,Male,Mechanical Systems Engineer
232,Mariquilla,Babin,mbabin6f@virginia.edu,Female,Account Representative IV
233,Dell,Espie,despie6g@nba.com,Male,Dental Hygienist
234,Margret,Bodd,mbodd6h@umich.edu,Female,Pharmacist
235,Blondelle,Rosendall,brosendall6i@t-online.de,Female,Structural Engineer
236,Lynelle,Segge,lsegge6j@mediafire.com,Female,Operator
237,Barnabas,Bolus,bbolus6k@cnn.com,Male,Business Systems Development Analyst
238,Onida,Fforde,offorde6l@who.int,Female,Quality Engineer
239,Cory,Rossey,crossey6m@plala.or.jp,Male,Business Systems Development Analyst
240,Pate,Marjot,pmarjot6n@va.gov,Male,Accountant I
241,Agathe,Moreby,amoreby6o@artisteer.com,Female,Research Associate
242,Dionisio,Orrah,dorrah6p@unesco.org,Male,Sales Representative
243,Karin,Rathke,krathke6q@usa.gov,Female,Accounting Assistant III
244,Eileen,Smeeth,esmeeth6r@freewebs.com,Female,Geological Engineer
245,Heida,Hutson,hhutson6s@fotki.com,Female,Accountant III
246,Justina,Danilishin,jdanilishin6t@auda.org.au,Female,Help Desk Operator
247,Filmore,Toohey,ftoohey6u@paginegialle.it,Male,Health Coach IV
248,Cesaro,Fetteplace,cfetteplace6v@domainmarket.com,Male,Automation Specialist IV
249,Lanie,Bettenay,lbettenay6w@opensource.org,Bigender,Civil Engineer
250,Adella,Ummfrey,aummfrey6x@e-recht24.de,Female,Civil Engineer
251,Giffard,Heckney,gheckney6y@apple.com,Male,Financial Advisor
252,Hanny,Swanger,hswanger6z@imageshack.us,Genderfluid,Quality Engineer
253,Mayer,Eburne,meburne70@who.int,Male,Quality Engineer
254,Fransisco,Saffon,fsaffon71@themeforest.net,Male,Analyst Programmer
255,Garik,Danilyuk,gdanilyuk72@ycombinator.com,Male,VP Product Management
256,Alyosha,Lorenzo,alorenzo73@samsung.com,Male,Accountant I
257,Oby,Flight,oflight74@icq.com,Male,Sales Representative
258,Sada,Spaight,sspaight75@nymag.com,Genderqueer,Product Engineer
259,Rich,Tainton,rtainton76@dion.ne.jp,Male,Structural Engineer
260,Collen,Rego,crego77@amazon.de,Female,Web Designer IV
261,Paxton,Perrot,pperrot78@state.gov,Male,Internal Auditor
262,Isak,Gadault,igadault79@reddit.com,Male,Human Resources Manager
263,Ly,Blitzer,lblitzer7a@macromedia.com,Male,Social Worker
264,Mayor,Keysall,mkeysall7b@chronoengine.com,Male,Recruiting Manager
265,Persis,Fossord,pfossord7c@dailymail.co.uk,Bigender,Programmer II
266,Georgi,Spratt,gspratt7d@smugmug.com,Male,Registered Nurse
267,Terence,Latch,tlatch7e@washington.edu,Male,Budget/Accounting Analyst III
268,Vita,Domeny,vdomeny7f@zimbio.com,Bigender,Food Chemist
269,Deane,Gwillim,dgwillim7g@baidu.com,Bigender,Recruiting Manager
270,Damita,Yarnton,dyarnton7h@intel.com,Non-binary,Research Nurse
271,Joan,O'Flaverty,joflaverty7i@purevolume.com,Female,GIS Technical Architect
272,Rutherford,Pottell,rpottell7j@mapquest.com,Male,Project Manager
273,Osbourne,Luney,oluney7k@fc2.com,Male,Operator
274,Darryl,Neate,dneate7l@ameblo.jp,Female,Environmental Tech
275,Debora,Aylmore,daylmore7m@yellowpages.com,Female,Professor
276,Arv,Plett,aplett7n@un.org,Male,Senior Quality Engineer
277,Nickola,Extill,nextill7o@delicious.com,Male,Financial Analyst
278,Nina,Duce,nduce7p@desdev.cn,Female,Librarian
279,Sheffield,Cooksley,scooksley7q@weibo.com,Male,Account Executive
280,Lloyd,Rumke,lrumke7r@wp.com,Male,Budget/Accounting Analyst IV
281,Justinian,Hellier,jhellier7s@tuttocitta.it,Male,Geologist IV
282,Payton,Farren,pfarren7t@people.com.cn,Male,Director of Sales
283,Karylin,Morffew,kmorffew7u@alibaba.com,Female,Statistician I
284,Gerti,Lacroux,glacroux7v@angelfire.com,Female,Product Engineer
285,Talia,Cornilli,tcornilli7w@squarespace.com,Female,Health Coach IV
286,Johann,Scardafield,jscardafield7x@etsy.com,Male,Financial Analyst
287,Darlene,Twaits,dtwaits7y@indiegogo.com,Polygender,Human Resources Manager
288,Rollin,Brickner,rbrickner7z@indiegogo.com,Male,Software Consultant
289,Donavon,Clery,dclery80@fotki.com,Male,General Manager
290,Griffith,Reisk,greisk81@fastcompany.com,Male,Media Manager IV
291,Hersh,Heritege,hheritege82@seattletimes.com,Male,Analog Circuit Design manager
292,Jack,Minero,jminero83@ca.gov,Male,Systems Administrator II
293,Jarid,Swynfen,jswynfen84@vimeo.com,Male,Associate Professor
294,Byron,Kyne,bkyne85@tumblr.com,Male,Associate Professor
295,Clarence,Mandrey,cmandrey86@skyrock.com,Genderqueer,Biostatistician II
296,Sarita,Bridgeman,sbridgeman87@wikipedia.org,Female,Junior Executive
297,Agustin,Ortas,aortas88@umich.edu,Male,Project Manager
298,Rudie,Burdess,rburdess89@linkedin.com,Genderfluid,Human Resources Assistant II
299,Lawry,Hedgecock,lhedgecock8a@qq.com,Male,Financial Advisor
300,Nappy,Bezzant,nbezzant8b@shinystat.com,Male,Electrical Engineer
301,Kinny,Doidge,kdoidge8c@army.mil,Male,Assistant Manager
302,Symon,Edler,sedler8d@latimes.com,Male,Developer IV
303,Hogan,De Laci,hdelaci8e@who.int,Male,Administrative Assistant II
304,Ingaborg,Barrie,ibarrie8f@prnewswire.com,Female,Chemical Engineer
305,Lauree,Whyman,lwhyman8g@dyndns.org,Female,Nurse Practicioner
306,Kissee,Bierton,kbierton8h@ucsd.edu,Non-binary,Senior Editor
307,Mureil,Tremellier,mtremellier8i@lulu.com,Non-binary,Structural Analysis Engineer
308,Gwenni,Golland,ggolland8j@google.ru,Female,Web Designer III
309,Ashby,Tonge,atonge8k@goo.gl,Male,Human Resources Manager
310,Herc,Lindsley,hlindsley8l@google.com,Male,Graphic Designer
311,Whit,Dupre,wdupre8m@geocities.jp,Male,Geological Engineer
312,Kelsey,Argrave,kargrave8n@google.de,Female,Actuary
313,Timothy,Czyz,tczyz8o@icq.com,Male,Human Resources Assistant II
314,Lyda,Burchett,lburchett8p@wufoo.com,Female,VP Marketing
315,Jan,Giottoi,jgiottoi8q@goodreads.com,Female,Sales Associate
316,Diandra,Romushkin,dromushkin8r@i2i.jp,Female,Sales Representative
317,Madge,Dunlap,mdunlap8s@nbcnews.com,Female,Nurse Practicioner
318,Chrissie,Derr,cderr8t@state.tx.us,Male,Financial Advisor
319,Norton,Peasby,npeasby8u@wiley.com,Male,Senior Financial Analyst
320,Rozanne,Biasi,rbiasi8v@weibo.com,Bigender,Senior Cost Accountant
321,Clarke,Josefson,cjosefson8w@epa.gov,Male,Associate Professor
322,Rubetta,Geaveny,rgeaveny8x@pinterest.com,Female,Registered Nurse
323,Cos,Everit,ceverit8y@cnet.com,Male,Biostatistician III
324,Remus,Philippou,rphilippou8z@blogspot.com,Male,Financial Analyst
325,Renard,Cannon,rcannon90@delicious.com,Male,Senior Quality Engineer
326,Bailey,Drewett,bdrewett91@fastcompany.com,Male,Assistant Manager
327,Karylin,Duffill,kduffill92@businessweek.com,Female,VP Sales
328,Ethelda,Booij,ebooij93@businessweek.com,Female,Civil Engineer
329,Cletis,Caulkett,ccaulkett94@nationalgeographic.com,Male,Marketing Manager
330,Isabella,Gaylor,igaylor95@un.org,Female,Web Developer III
331,Brigitta,Puve,bpuve96@hao123.com,Female,Help Desk Operator
332,Taffy,Rothwell,trothwell97@theguardian.com,Female,Executive Secretary
333,Vincenty,Poznan,vpoznan98@altervista.org,Male,Environmental Specialist
334,Morse,Tremonte,mtremonte99@hao123.com,Male,VP Product Management
335,Saree,Tant,stant9a@cnbc.com,Female,Speech Pathologist
336,Jourdain,Hutcheon,jhutcheon9b@washington.edu,Male,Chemical Engineer
337,Lonnard,Matejovsky,lmatejovsky9c@utexas.edu,Male,Analyst Programmer
338,Vidovic,Baruch,vbaruch9d@harvard.edu,Male,Nurse Practicioner
339,Frannie,McAnalley,fmcanalley9e@oakley.com,Male,Administrative Officer
340,Rubin,Gidman,rgidman9f@foxnews.com,Male,Nurse Practicioner
341,Frederigo,Armiger,farmiger9g@intel.com,Male,GIS Technical Architect
342,Amerigo,Sponton,asponton9h@ihg.com,Male,Research Nurse
343,Elaine,Novichenko,enovichenko9i@twitpic.com,Female,Business Systems Development Analyst
344,Bevin,Purves,bpurves9j@army.mil,Male,Mechanical Systems Engineer
345,Natalya,Stempe,nstempe9k@amazon.com,Female,Senior Quality Engineer
346,Harriette,Dumingo,hdumingo9l@google.cn,Female,Senior Developer
347,Viola,Strongitharm,vstrongitharm9m@printfriendly.com,Female,Quality Control Specialist
348,Rozalie,Folcarelli,rfolcarelli9n@gov.uk,Female,Marketing Assistant
349,Jacqui,Klezmski,jklezmski9o@tinyurl.com,Female,VP Sales
350,Oby,Tebb,otebb9p@reddit.com,Male,Senior Editor
351,Sarina,Sporrij,ssporrij9q@sohu.com,Female,Social Worker
352,Hanan,Biasio,hbiasio9r@weather.com,Agender,Account Coordinator
353,Dulcy,Zecchetti,dzecchetti9s@nifty.com,Female,Media Manager I
354,Pincus,Pinkard,ppinkard9t@ifeng.com,Male,Health Coach II
355,Mose,Connold,mconnold9u@imgur.com,Male,Senior Sales Associate
356,Thacher,Hugo,thugo9v@state.tx.us,Male,Administrative Assistant IV
357,Jojo,Lamartine,jlamartine9w@globo.com,Non-binary,Software Test Engineer II
358,Gare,Saenz,gsaenz9x@plala.or.jp,Male,Food Chemist
359,Cosmo,Corney,ccorney9y@lulu.com,Male,GIS Technical Architect
360,Waiter,Cotta,wcotta9z@1688.com,Male,Administrative Assistant II
361,Braden,Tegeller,btegellera0@oracle.com,Male,VP Sales
362,Nanni,Alfuso,nalfusoa1@geocities.com,Female,Research Assistant IV
363,Joannes,Estevez,jesteveza2@squidoo.com,Female,Food Chemist
364,Linet,Summerfield,lsummerfielda3@google.es,Female,Account Representative I
365,Annetta,Slocombe,aslocombea4@nyu.edu,Female,Information Systems Manager
366,Mady,Stoffels,mstoffelsa5@bbb.org,Female,Programmer I
367,Fionnula,Sommerville,fsommervillea6@merriam-webster.com,Female,Research Associate
368,Natalee,Harley,nharleya7@biblegateway.com,Female,Accountant IV
369,Audry,Tarbath,atarbatha8@google.ru,Female,Speech Pathologist
370,Gregoire,Windeatt,gwindeatta9@reddit.com,Male,Electrical Engineer
371,Massimiliano,Tetlow,mtetlowaa@upenn.edu,Genderqueer,Librarian
372,Beret,Brentnall,bbrentnallab@about.me,Female,Engineer II
373,Lauren,Sautter,lsautterac@ezinearticles.com,Agender,Human Resources Manager
374,Quintana,Dudenie,qdudeniead@alibaba.com,Female,Senior Cost Accountant
375,Shana,Pinwill,spinwillae@cbsnews.com,Female,Staff Scientist
376,Andria,Smorthit,asmorthitaf@elpais.com,Female,Internal Auditor
377,Bethany,Grasha,bgrashaag@bloglovin.com,Female,Geologist IV
378,Ophelia,Coard,ocoardah@economist.com,Female,Nurse Practicioner
379,Elita,Vlies,evliesai@time.com,Polygender,Marketing Assistant
380,Roland,Gheorghe,rgheorgheaj@xing.com,Bigender,Quality Control Specialist
381,Elysha,Downing,edowningak@blogs.com,Polygender,Research Assistant II
382,Rosamund,Steggles,rstegglesal@exblog.jp,Female,Structural Engineer
383,Cynthy,Pierce,cpierceam@timesonline.co.uk,Female,Account Executive
384,Heindrick,Morter,hmorteran@reuters.com,Male,Professor
385,Yorke,Gillibrand,ygillibrandao@addtoany.com,Male,Civil Engineer
386,Wade,Keston,wkestonap@gravatar.com,Male,Project Manager
387,Ulla,Oxberry,uoxberryaq@surveymonkey.com,Female,Analyst Programmer
388,Gunther,Jeacop,gjeacopar@narod.ru,Male,VP Product Management
389,Connor,Astill,castillas@aol.com,Male,Analog Circuit Design manager
390,Shanan,Ropking,sropkingat@state.tx.us,Male,Budget/Accounting Analyst I
391,Reamonn,Wilson,rwilsonau@cnn.com,Non-binary,Web Designer IV
392,Thomas,Gilliland,tgillilandav@sciencedaily.com,Male,Quality Engineer
393,Farrah,Fennelly,ffennellyaw@paypal.com,Non-binary,General Manager
394,Ariel,Palmar,apalmarax@google.de,Non-binary,Developer I
395,Maxine,Leynham,mleynhamay@nsw.gov.au,Female,Research Assistant III
396,Farleigh,Peatt,fpeattaz@scribd.com,Male,Safety Technician II
397,Haze,Gedling,hgedlingb0@discuz.net,Male,Recruiting Manager
398,Joni,Mawby,jmawbyb1@barnesandnoble.com,Genderqueer,Mechanical Systems Engineer
399,Mozes,Golborn,mgolbornb2@upenn.edu,Male,Administrative Assistant IV
400,Wileen,Champerlen,wchamperlenb3@macromedia.com,Female,Dental Hygienist
401,Abey,Dalling,adallingb4@forbes.com,Male,Product Engineer
402,Guthrey,Cosker,gcoskerb5@nifty.com,Male,Assistant Professor
403,Edgardo,Floweth,eflowethb6@bloomberg.com,Male,Associate Professor
404,Rickard,Hallows,rhallowsb7@squarespace.com,Male,Nurse
405,Moreen,Haccleton,mhaccletonb8@exblog.jp,Female,Health Coach IV
406,Bronnie,Ebi,bebib9@time.com,Male,Systems Administrator I
407,Willi,Moatt,wmoattba@comsenz.com,Male,VP Product Management
408,Rhona,Parcall,rparcallbb@shutterfly.com,Bigender,Software Engineer II
409,Josi,O'Donnell,jodonnellbc@ning.com,Female,Research Associate
410,Etta,Nussey,enusseybd@jigsy.com,Agender,Human Resources Manager
411,Gayla,Tebboth,gtebbothbe@infoseek.co.jp,Agender,Geologist I
412,Bartlett,Moncreif,bmoncreifbf@e-recht24.de,Agender,Safety Technician III
413,Tom,Novelli,tnovellibg@virginia.edu,Male,Senior Sales Associate
414,Bernhard,Bethune,bbethunebh@123-reg.co.uk,Male,VP Product Management
415,Brewster,Jopp,bjoppbi@angelfire.com,Polygender,General Manager
416,Lonnie,Fillan,lfillanbj@nhs.uk,Female,Environmental Tech
417,Zandra,Hedderly,zhedderlybk@ycombinator.com,Female,Senior Quality Engineer
418,Delilah,Cookson,dcooksonbl@ca.gov,Female,Pharmacist
419,Thedrick,Mc Ilwrick,tmcilwrickbm@mediafire.com,Male,Design Engineer
420,Daisey,Cordeux,dcordeuxbn@usa.gov,Female,Desktop Support Technician
421,Teddi,Twort,ttwortbo@miibeian.gov.cn,Female,VP Sales
422,Osbourn,Wiggans,owiggansbp@yahoo.com,Male,Sales Representative
423,Eugenie,Strippel,estrippelbq@cam.ac.uk,Female,VP Sales
424,Magdalen,Gatley,mgatleybr@nifty.com,Female,Help Desk Operator
425,Shelley,Dinkin,sdinkinbs@altervista.org,Female,Data Coordinator
426,Harcourt,Kobisch,hkobischbt@ca.gov,Male,Electrical Engineer
427,Cynthia,Tummasutti,ctummasuttibu@apache.org,Female,Office Assistant II
428,Faythe,Dunford,fdunfordbv@ezinearticles.com,Agender,Social Worker
429,Donny,Klee,dkleebw@google.it,Bigender,Junior Executive
430,Dante,Lawlan,dlawlanbx@state.tx.us,Male,Web Designer III
431,Flint,Faill,ffaillby@networkadvertising.org,Male,Teacher
432,Desi,Erickssen,derickssenbz@dot.gov,Male,Geological Engineer
433,Jarret,Marryatt,jmarryattc0@scribd.com,Male,Social Worker
434,Lemmy,Chaimson,lchaimsonc1@gizmodo.com,Male,Web Developer III
435,Jasmine,Heart,jheartc2@hatena.ne.jp,Female,Media Manager IV
436,Maudie,Dory,mdoryc3@chronoengine.com,Genderfluid,Clinical Specialist
437,Eal,Warwicker,ewarwickerc4@opensource.org,Male,Legal Assistant
438,Pablo,Barcroft,pbarcroftc5@paypal.com,Male,Quality Control Specialist
439,Jimmy,Macek,jmacekc6@yelp.com,Male,Help Desk Technician
440,Skipper,Cunniffe,scunniffec7@unc.edu,Male,Database Administrator IV
441,Arleta,Robichon,arobichonc8@addthis.com,Female,Sales Representative
442,Kilian,Bastone,kbastonec9@census.gov,Male,Financial Analyst
443,Timothee,Werny,twernyca@shutterfly.com,Bigender,Paralegal
444,Susanetta,Gellion,sgellioncb@chron.com,Female,Food Chemist
445,Brittani,Ungerecht,bungerechtcc@icio.us,Female,Help Desk Operator
446,Asia,Mackison,amackisoncd@bandcamp.com,Female,Structural Engineer
447,Gareth,Drage,gdragece@desdev.cn,Male,Compensation Analyst
448,Joell,McLevie,jmcleviecf@ovh.net,Female,Account Coordinator
449,Ansley,Walklott,awalklottcg@timesonline.co.uk,Female,Safety Technician I
450,Rachael,Ringe,rringech@unc.edu,Female,Assistant Media Planner
451,Willetta,Todd,wtoddci@nsw.gov.au,Female,Senior Cost Accountant
452,Phillipp,Zoellner,pzoellnercj@craigslist.org,Male,Research Nurse
453,Lyssa,Culwen,lculwenck@slashdot.org,Female,Programmer I
454,Babita,Batts,bbattscl@nps.gov,Female,Marketing Assistant
455,Nadya,Bartomeu,nbartomeucm@1688.com,Female,Mechanical Systems Engineer
456,Kassi,Kehri,kkehricn@guardian.co.uk,Agender,Project Manager
457,Minette,Cohani,mcohanico@ted.com,Female,Registered Nurse
458,Albert,Barwood,abarwoodcp@google.it,Male,VP Quality Control
459,Kamilah,Stoak,kstoakcq@nationalgeographic.com,Female,Computer Systems Analyst IV
460,Kaylee,Kerans,kkeranscr@nbcnews.com,Female,Computer Systems Analyst II
461,Velma,Cartan,vcartancs@naver.com,Female,Web Designer IV
462,Abie,Keitch,akeitchct@oracle.com,Male,Geologist IV
463,Hy,Seivertsen,hseivertsencu@epa.gov,Male,Web Developer II
464,Gabriella,Coleshill,gcoleshillcv@qq.com,Female,Office Assistant III
465,Erin,Vondracek,evondracekcw@stanford.edu,Female,Web Developer II
466,Uriah,Kensley,ukensleycx@networkadvertising.org,Male,Director of Sales
467,Allsun,Cheshire,acheshirecy@oakley.com,Female,Marketing Manager
468,Frasquito,Dockree,fdockreecz@ehow.com,Male,Computer Systems Analyst IV
469,Hayden,Saltmarshe,hsaltmarshed0@google.com.au,Male,Civil Engineer
470,Alair,Glasscoe,aglasscoed1@shareasale.com,Bigender,Business Systems Development Analyst
471,Glen,Bracer,gbracerd2@sun.com,Male,Payment Adjustment Coordinator
472,Cherye,Pattle,cpattled3@de.vu,Female,Information Systems Manager
473,Keelby,Dibbin,kdibbind4@msn.com,Male,Database Administrator IV
474,Eddi,McBay,emcbayd5@narod.ru,Female,Desktop Support Technician
475,Brina,Brimson,bbrimsond6@unblog.fr,Female,Dental Hygienist
476,Lilyan,Secombe,lsecombed7@cbsnews.com,Genderfluid,Editor
477,Lynna,Kinleyside,lkinleysided8@printfriendly.com,Female,Developer IV
478,Preston,Greenhalf,pgreenhalfd9@example.com,Male,Operator
479,Marigold,Pettie,mpettieda@home.pl,Female,Senior Sales Associate
480,Faber,Dumblton,fdumbltondb@cisco.com,Male,Systems Administrator IV
481,Alejandrina,Rigby,arigbydc@netvibes.com,Female,Registered Nurse
482,Brenden,Scranny,bscrannydd@elegantthemes.com,Bigender,Help Desk Operator
483,Sammy,Foan,sfoande@w3.org,Female,Editor
484,Masha,Ripping,mrippingdf@quantcast.com,Female,Occupational Therapist
485,Catrina,Pfertner,cpfertnerdg@hexun.com,Female,General Manager
486,Gwenette,Bodell,gbodelldh@nationalgeographic.com,Bigender,Statistician III
487,Gibbie,Sherreard,gsherrearddi@hugedomains.com,Male,Assistant Manager
488,Ralph,White,rwhitedj@uiuc.edu,Male,Product Engineer
489,Turner,Long,tlongdk@vinaora.com,Male,Sales Associate
490,Joseph,Arnaudon,jarnaudondl@arizona.edu,Male,Executive Secretary
491,Bobbie,Matthias,bmatthiasdm@123-reg.co.uk,Male,Graphic Designer
492,Wallace,Dennehy,wdennehydn@samsung.com,Polygender,Social Worker
493,Theo,Teasell,tteaselldo@google.nl,Female,Social Worker
494,Linnell,Chartman,lchartmandp@cornell.edu,Female,Senior Editor
495,Mario,Luxon,mluxondq@geocities.jp,Genderfluid,Speech Pathologist
496,Michell,Lanegran,mlanegrandr@irs.gov,Female,Accountant III
497,Ignaz,Duding,idudingds@microsoft.com,Male,Internal Auditor
498,Lou,Boddie,lboddiedt@mlb.com,Male,Sales Associate
499,Mellie,Rosenhaupt,mrosenhauptdu@flickr.com,Female,Executive Secretary
500,Elvira,Albers,ealbersdv@dion.ne.jp,Female,Internal Auditor
501,Netty,Burnage,nburnagedw@prnewswire.com,Genderfluid,Account Coordinator
502,Barde,Coste,bcostedx@omniture.com,Male,Pharmacist
503,Denys,Derisley,dderisleydy@vinaora.com,Female,Quality Engineer
504,Pammi,Lancaster,plancasterdz@alexa.com,Female,Marketing Assistant
505,Erina,Jacobi,ejacobie0@upenn.edu,Female,VP Marketing
506,Deeyn,Summerlie,dsummerliee1@ycombinator.com,Female,Developer III
507,Bartholomew,Clemson,bclemsone2@virginia.edu,Polygender,Staff Accountant II
508,Clio,Chalder,cchaldere3@google.com.br,Female,Geologist II
509,Wynny,Drugan,wdrugane4@wunderground.com,Female,Structural Analysis Engineer
510,Lucky,Whickman,lwhickmane5@salon.com,Female,Recruiting Manager
511,Johnette,Antoni,jantonie6@answers.com,Female,Assistant Media Planner
512,Renard,de Clerk,rdeclerke7@marketwatch.com,Male,Environmental Tech
513,Veda,Gaspar,vgaspare8@ft.com,Female,Food Chemist
514,Sullivan,Goodban,sgoodbane9@deviantart.com,Male,Senior Developer
515,Alice,Kauble,akaubleea@example.com,Genderfluid,Database Administrator IV
516,Ambros,MacCorley,amaccorleyeb@usa.gov,Male,Administrative Assistant I
517,Sollie,Melross,smelrossec@last.fm,Male,Developer IV
518,Rudolf,Serman,rsermaned@blogspot.com,Male,Environmental Tech
519,Perri,Fullard,pfullardee@oakley.com,Female,Senior Editor
520,Haslett,Linnit,hlinnitef@umn.edu,Male,Paralegal
521,Dulsea,Pickervance,dpickervanceeg@about.com,Female,Software Test Engineer III
522,Ossie,Damrel,odamreleh@woothemes.com,Male,Cost Accountant
523,Randall,Giraudel,rgiraudelei@cpanel.net,Male,Sales Associate
524,Ciel,Formigli,cformigliej@slate.com,Female,Biostatistician I
525,Evangeline,Tregian,etregianek@wikipedia.org,Female,Statistician II
526,Kristen,Jantot,kjantotel@vistaprint.com,Female,Statistician I
527,Austina,Gounot,agounotem@meetup.com,Female,Assistant Professor
528,Pavia,Brozsset,pbrozsseten@networksolutions.com,Female,Recruiting Manager
529,Dominic,Rostern,drosterneo@fema.gov,Male,Programmer Analyst I
530,Valaree,Clever,vcleverep@dell.com,Female,VP Accounting
531,Halsy,Tommis,htommiseq@vinaora.com,Male,Programmer Analyst II
532,Cullie,Larsen,clarsener@theatlantic.com,Male,Research Nurse
533,Happy,Coxwell,hcoxwelles@harvard.edu,Female,Engineer I
534,Nyssa,Willox,nwilloxet@sbwire.com,Female,Quality Control Specialist
535,Laural,Prout,lprouteu@canalblog.com,Female,Recruiting Manager
536,Maribeth,Verson,mversonev@wikimedia.org,Female,General Manager
537,Sara-ann,Howen,showenew@goo.ne.jp,Genderqueer,Account Coordinator
538,Boycie,Kinton,bkintonex@tuttocitta.it,Male,Senior Cost Accountant
539,Lilli,Patron,lpatroney@nydailynews.com,Female,Pharmacist
540,Barnabas,Babidge,bbabidgeez@acquirethisname.com,Male,Senior Quality Engineer
541,Wait,Mathwin,wmathwinf0@nih.gov,Male,Help Desk Operator
542,Hermia,Hammerstone,hhammerstonef1@miitbeian.gov.cn,Female,Nurse
543,Bebe,Hurnell,bhurnellf2@networkadvertising.org,Female,Research Associate
544,Marjy,Swancott,mswancottf3@blogspot.com,Genderfluid,Statistician III
545,Bank,Palin,bpalinf4@craigslist.org,Agender,Technical Writer
546,Cynthie,Swinney,cswinneyf5@salon.com,Female,Geologist IV
547,Moshe,Ewin,mewinf6@state.tx.us,Male,Marketing Assistant
548,Ansel,Sondon,asondonf7@domainmarket.com,Male,Environmental Specialist
549,Ferrell,Pimblett,fpimblettf8@lulu.com,Genderqueer,Internal Auditor
550,Cordell,Harding,chardingf9@cam.ac.uk,Male,Human Resources Assistant IV
551,Ainslee,Doel,adoelfa@cnet.com,Genderqueer,Internal Auditor
552,Doloritas,East,deastfb@answers.com,Female,Quality Engineer
553,Ibby,Davydzenko,idavydzenkofc@sakura.ne.jp,Female,Analog Circuit Design manager
554,Vera,Traher,vtraherfd@wunderground.com,Female,Legal Assistant
555,Daveen,Barneveld,dbarneveldfe@abc.net.au,Female,Analyst Programmer
556,Goraud,Golden,ggoldenff@i2i.jp,Male,Social Worker
557,Karoly,Bouzek,kbouzekfg@homestead.com,Female,Research Associate
558,Emyle,Pohlak,epohlakfh@soundcloud.com,Female,Design Engineer
559,Abner,Philippet,aphilippetfi@comcast.net,Male,Office Assistant II
560,Thebault,Bristo,tbristofj@latimes.com,Male,Information Systems Manager
561,Ced,Bellison,cbellisonfk@51.la,Male,Administrative Officer
562,Miner,Kears,mkearsfl@jiathis.com,Male,Research Assistant III
563,Mitch,Giacomo,mgiacomofm@theatlantic.com,Male,Computer Systems Analyst IV
564,Nicol,Mackie,nmackiefn@xrea.com,Female,Occupational Therapist
565,Stewart,Domek,sdomekfo@plala.or.jp,Male,Account Coordinator
566,Rolfe,Sleeford,rsleefordfp@ucoz.com,Male,Database Administrator IV
567,Zed,De Domenico,zdedomenicofq@salon.com,Male,Mechanical Systems Engineer
568,Von,Dannell,vdannellfr@unblog.fr,Male,Accounting Assistant III
569,Gilemette,Barlass,gbarlassfs@trellian.com,Female,Human Resources Manager
570,Gleda,Bracey,gbraceyft@over-blog.com,Female,Speech Pathologist
571,Carr,Irnis,cirnisfu@yelp.com,Male,VP Accounting
572,Gaspard,Jennery,gjenneryfv@shareasale.com,Male,Senior Developer
573,Brittani,Beaver,bbeaverfw@hostgator.com,Female,Accountant II
574,Theresina,Chattell,tchattellfx@china.com.cn,Female,Tax Accountant
575,Hendrick,Poone,hpoonefy@sphinn.com,Male,Financial Advisor
576,Marcello,Ringer,mringerfz@oakley.com,Male,Help Desk Technician
577,Farlie,Carville,fcarvilleg0@gov.uk,Male,Senior Financial Analyst
578,Ramsay,Clementi,rclementig1@yolasite.com,Male,Social Worker
579,Angeline,Brisley,abrisleyg2@barnesandnoble.com,Female,Business Systems Development Analyst
580,Earle,Southerell,esoutherellg3@hao123.com,Bigender,Software Consultant
581,Dulci,Haye,dhayeg4@ow.ly,Female,Account Coordinator
582,Analise,Davidovicz,adavidoviczg5@discovery.com,Polygender,Paralegal
583,Clementina,Duncanson,cduncansong6@usgs.gov,Female,Director of Sales
584,Lynna,Alflatt,lalflattg7@amazon.co.uk,Female,Account Representative II
585,Gayel,Zelland,gzellandg8@economist.com,Female,Structural Engineer
586,Zacharia,Schafer,zschaferg9@behance.net,Male,Senior Financial Analyst
587,Gabbey,McShea,gmcsheaga@google.co.jp,Female,Design Engineer
588,Weber,Trafford,wtraffordgb@devhub.com,Male,Operator
589,Clarice,McLevie,cmcleviegc@ycombinator.com,Bigender,Accounting Assistant I
590,Charlene,Fridlington,cfridlingtongd@typepad.com,Female,Senior Sales Associate
591,Cosetta,Margery,cmargeryge@sbwire.com,Female,Structural Analysis Engineer
592,Oswald,Tirkin,otirkingf@gizmodo.com,Male,Staff Accountant II
593,Aurie,Binion,abiniongg@networkadvertising.org,Female,Research Nurse
594,Cindelyn,Abramovic,cabramovicgh@wunderground.com,Female,Senior Cost Accountant
595,Caritta,Skipp,cskippgi@sun.com,Female,Editor
596,Roxanna,Sailes,rsailesgj@unblog.fr,Female,Safety Technician II
597,Merline,Hadwin,mhadwingk@xinhuanet.com,Female,Pharmacist
598,Verge,Nitto,vnittogl@themeforest.net,Male,Programmer III
599,Alma,Sauvage,asauvagegm@nyu.edu,Female,VP Product Management
600,Lanni,Deddum,ldeddumgn@networkadvertising.org,Female,Design Engineer
601,Sheffie,Fake,sfakego@yahoo.com,Polygender,Speech Pathologist
602,Rheba,Acosta,racostagp@imdb.com,Female,Database Administrator IV
603,Beltran,Thorogood,bthorogoodgq@addthis.com,Bigender,Recruiting Manager
604,Selia,Hakewell,shakewellgr@cocolog-nifty.com,Female,Food Chemist
605,Viviana,Oglesbee,voglesbeegs@hexun.com,Female,Graphic Designer
606,Maurise,Tankus,mtankusgt@istockphoto.com,Male,Nurse Practicioner
607,Nickie,Willshee,nwillsheegu@buzzfeed.com,Female,Senior Quality Engineer
608,Estevan,Jovovic,ejovovicgv@edublogs.org,Male,Web Designer IV
609,Averill,Quant,aquantgw@exblog.jp,Male,Business Systems Development Analyst
610,Sherwood,Macro,smacrogx@webs.com,Male,Data Coordinator
611,Brenna,Etheredge,betheredgegy@wix.com,Agender,Electrical Engineer
612,Aldridge,Druce,adrucegz@exblog.jp,Male,Account Coordinator
613,Ricardo,Chapelhow,rchapelhowh0@123-reg.co.uk,Male,Social Worker
614,Daisie,Sarre,dsarreh1@histats.com,Non-binary,Associate Professor
615,Kaycee,Cleatherow,kcleatherowh2@booking.com,Female,Internal Auditor
616,Kaspar,Clipsham,kclipshamh3@newsvine.com,Male,Research Associate
617,Haslett,Bacup,hbacuph4@odnoklassniki.ru,Male,Account Representative I
618,Julissa,Nelissen,jnelissenh5@ameblo.jp,Female,Nurse Practicioner
619,Joanne,Flukes,jflukesh6@gravatar.com,Female,Software Engineer III
620,Lizzie,Oloshin,loloshinh7@4shared.com,Female,Web Developer III
621,Daryl,Peggs,dpeggsh8@independent.co.uk,Female,Recruiter
622,Winnie,Wynett,wwynetth9@desdev.cn,Male,Account Representative IV
623,Marrissa,Nanson,mnansonha@example.com,Female,Account Coordinator
624,Lannie,Jest,ljesthb@soup.io,Male,Nurse
625,Carin,Sabine,csabinehc@usatoday.com,Female,Recruiter
626,Merissa,Duffield,mduffieldhd@latimes.com,Genderfluid,VP Quality Control
627,Amaleta,MacUchadair,amacuchadairhe@hugedomains.com,Female,Programmer Analyst IV
628,Jeddy,Knapton,jknaptonhf@sbwire.com,Male,Electrical Engineer
629,Ruth,Ranfield,rranfieldhg@phpbb.com,Female,Database Administrator I
630,Tadd,Bulfit,tbulfithh@wufoo.com,Non-binary,Civil Engineer
631,Verge,Duffrie,vduffriehi@wikimedia.org,Male,Assistant Media Planner
632,Augustin,Cramb,acrambhj@opensource.org,Male,Executive Secretary
633,Natasha,Woodus,nwoodushk@opensource.org,Female,Registered Nurse
634,Myrle,Goozee,mgoozeehl@bloomberg.com,Female,Structural Analysis Engineer
635,Finley,Barnish,fbarnishhm@amazon.co.jp,Male,Marketing Manager
636,Rhodia,Plows,rplowshn@mozilla.org,Female,Civil Engineer
637,Jesus,Vine,jvineho@amazon.co.uk,Male,Tax Accountant
638,Drucy,O'Caherny,docahernyhp@loc.gov,Female,VP Marketing
639,Juditha,Darben,jdarbenhq@istockphoto.com,Female,Social Worker
640,Maire,Still,mstillhr@dagondesign.com,Female,Account Coordinator
641,Bernarr,Kennan,bkennanhs@addthis.com,Male,Accounting Assistant III
642,Mignon,Bartali,mbartaliht@cnbc.com,Female,Compensation Analyst
643,Pall,Crecy,pcrecyhu@macromedia.com,Genderqueer,Analog Circuit Design manager
644,Ilsa,Skelcher,iskelcherhv@sphinn.com,Female,Nurse
645,Standford,Ballintyne,sballintynehw@ted.com,Male,Civil Engineer
646,Joycelin,Folkerts,jfolkertshx@upenn.edu,Female,Accounting Assistant II
647,Jami,Brecon,jbreconhy@nsw.gov.au,Female,Senior Editor
648,Farr,Jouen,fjouenhz@patch.com,Male,Biostatistician IV
649,Leonardo,Tetley,ltetleyi0@moonfruit.com,Male,Recruiting Manager
650,Scot,Warters,swartersi1@cnn.com,Male,Business Systems Development Analyst
651,Giovanni,Garland,ggarlandi2@answers.com,Male,Media Manager II
652,Thor,Joice,tjoicei3@wufoo.com,Male,Human Resources Assistant III
653,Steward,Yanuk,syanuki4@webmd.com,Male,Senior Quality Engineer
654,Ethelin,Winder,ewinderi5@yellowpages.com,Female,Legal Assistant
655,Pier,Anthonsen,panthonseni6@scribd.com,Female,Design Engineer
656,Rex,Alner,ralneri7@google.pl,Male,Software Consultant
657,Feliks,Arntzen,farntzeni8@example.com,Male,Software Test Engineer II
658,Jo-ann,Hars,jharsi9@blogs.com,Female,Structural Engineer
659,Willie,Tindall,wtindallia@ca.gov,Female,Staff Scientist
660,Reta,Sayles,rsaylesib@nationalgeographic.com,Female,Teacher
661,Heywood,MacTrusty,hmactrustyic@soundcloud.com,Male,Payment Adjustment Coordinator
662,Jillie,Blabber,jblabberid@sfgate.com,Female,Structural Engineer
663,Haze,Rolfs,hrolfsie@de.vu,Male,Speech Pathologist
664,Josie,Cure,jcureif@microsoft.com,Female,Software Test Engineer III
665,Giacopo,Bauckham,gbauckhamig@booking.com,Male,Civil Engineer
666,Garry,Duckerin,gduckerinih@skype.com,Male,Help Desk Technician
667,Angelina,Shapero,ashaperoii@nsw.gov.au,Female,Senior Sales Associate
668,Tamar,Jacobowicz,tjacobowiczij@apache.org,Female,Research Associate
669,Katherine,Clyde,kclydeik@comsenz.com,Female,Budget/Accounting Analyst I
670,Jared,Bilbrooke,jbilbrookeil@wordpress.org,Male,Geologist IV
671,Jillene,Carvil,jcarvilim@yandex.ru,Female,Compensation Analyst
672,Ozzy,Kingzett,okingzettin@alibaba.com,Male,Assistant Manager
673,Riordan,Burmingham,rburminghamio@example.com,Male,Civil Engineer
674,Elyse,Spellman,espellmanip@example.com,Female,VP Quality Control
675,Giralda,Blackborow,gblackborowiq@fda.gov,Bigender,Marketing Assistant
676,Xever,MacKilroe,xmackilroeir@macromedia.com,Male,VP Sales
677,Kippy,Fishley,kfishleyis@tuttocitta.it,Male,Engineer II
678,Brockie,Penbarthy,bpenbarthyit@jimdo.com,Male,Software Engineer I
679,Fairlie,Winsom,fwinsomiu@bbc.co.uk,Male,Structural Analysis Engineer
680,Jess,Rodie,jrodieiv@people.com.cn,Male,Assistant Media Planner
681,Morgan,Armin,marminiw@aboutads.info,Female,Operator
682,Kirstin,Fulle,kfulleix@fema.gov,Female,Internal Auditor
683,Adams,Smellie,asmellieiy@utexas.edu,Male,Staff Scientist
684,Marianne,Geard,mgeardiz@prweb.com,Female,Clinical Specialist
685,Yasmeen,Turfrey,yturfreyj0@sciencedaily.com,Female,Financial Advisor
686,Rudy,Battabee,rbattabeej1@ning.com,Male,Systems Administrator IV
687,Antonino,Hofler,ahoflerj2@bizjournals.com,Polygender,Senior Editor
688,Rowney,De Hooge,rdehoogej3@naver.com,Male,Engineer II
689,Ibbie,Twelve,itwelvej4@fastcompany.com,Female,Assistant Professor
690,Brunhilde,Austen,baustenj5@bloomberg.com,Female,Business Systems Development Analyst
691,Sal,Anetts,sanettsj6@buzzfeed.com,Female,Chemical Engineer
692,Archibold,Giacomello,agiacomelloj7@gnu.org,Male,Associate Professor
693,Douglas,Fulks,dfulksj8@ezinearticles.com,Male,Quality Engineer
694,Cordell,Wheowall,cwheowallj9@discovery.com,Male,Programmer IV
695,Coop,Ranner,crannerja@themeforest.net,Male,Professor
696,Phillipe,Stook,pstookjb@opera.com,Male,Cost Accountant
697,Tomaso,Morffew,tmorffewjc@dyndns.org,Male,Junior Executive
698,Neely,Barkes,nbarkesjd@vistaprint.com,Female,Physical Therapy Assistant
699,Bethena,Kochl,bkochlje@domainmarket.com,Female,Environmental Specialist
700,Marcelia,Schoenleiter,mschoenleiterjf@t.co,Female,Environmental Specialist
701,Gabriella,Manson,gmansonjg@who.int,Female,Graphic Designer
702,Ruggiero,Lacroix,rlacroixjh@utexas.edu,Agender,Social Worker
703,Elnore,Aizik,eaizikji@sitemeter.com,Female,Senior Developer
704,Rosalinda,Dagworthy,rdagworthyjj@i2i.jp,Female,Technical Writer
705,Bondy,Ordish,bordishjk@weebly.com,Male,Professor
706,Carly,Paramore,cparamorejl@ifeng.com,Male,Assistant Professor
707,Poul,Muddle,pmuddlejm@unblog.fr,Male,Director of Sales
708,Hadria,Mahy,hmahyjn@opera.com,Female,Information Systems Manager
709,Ches,Lathy,clathyjo@wufoo.com,Male,Graphic Designer
710,Onofredo,Teaz,oteazjp@tumblr.com,Male,Software Test Engineer III
711,Laurella,Blazy,lblazyjq@wufoo.com,Female,VP Marketing
712,Hewet,Georgi,hgeorgijr@drupal.org,Male,VP Sales
713,Charissa,Tindley,ctindleyjs@weebly.com,Female,Desktop Support Technician
714,Locke,Govenlock,lgovenlockjt@lycos.com,Male,Environmental Tech
715,Electra,Floyed,efloyedju@cocolog-nifty.com,Female,Account Representative II
716,Maurizio,Ratter,mratterjv@pcworld.com,Male,Recruiter
717,Ranna,Lune,rlunejw@springer.com,Genderqueer,Accounting Assistant I
718,Kelly,Plaice,kplaicejx@bbb.org,Male,Data Coordinator
719,Idell,Rathmell,irathmelljy@google.nl,Female,Account Coordinator
720,Jerri,Sterrie,jsterriejz@cafepress.com,Male,Account Executive
721,Ofilia,Jonczyk,ojonczykk0@yale.edu,Female,Administrative Officer
722,Chuck,Stendell,cstendellk1@flickr.com,Male,Financial Advisor
723,Xever,Martinie,xmartiniek2@jigsy.com,Male,Senior Developer
724,Barret,Burel,bburelk3@mayoclinic.com,Male,Programmer II
725,Gilberta,Aleksankin,galeksankink4@yahoo.co.jp,Female,Community Outreach Specialist
726,Denver,Titman,dtitmank5@vinaora.com,Polygender,Analyst Programmer
727,Carr,Andres,candresk6@foxnews.com,Male,Assistant Manager
728,Mathilda,MacKnockiter,mmacknockiterk7@topsy.com,Female,Senior Editor
729,Nealon,Cashley,ncashleyk8@php.net,Male,Structural Engineer
730,Agna,Baildon,abaildonk9@blinklist.com,Female,Systems Administrator III
731,Niles,Foggarty,nfoggartyka@va.gov,Male,Human Resources Assistant II
732,Keriann,Hallaways,khallawayskb@cdbaby.com,Female,Financial Advisor
733,Richy,Masser,rmasserkc@dailymotion.com,Male,Structural Analysis Engineer
734,Nadine,Barendtsen,nbarendtsenkd@patch.com,Female,Programmer Analyst II
735,Yorke,Campling,ycamplingke@seesaa.net,Male,Accounting Assistant I
736,Bendix,Yaldren,byaldrenkf@oracle.com,Male,Senior Cost Accountant
737,Chance,Yaneev,cyaneevkg@hp.com,Male,Graphic Designer
738,Caria,Ovanesian,covanesiankh@bizjournals.com,Female,Registered Nurse
739,Lanie,Winder,lwinderki@yahoo.co.jp,Male,Geologist II
740,Adey,Phare,apharekj@ezinearticles.com,Female,Staff Scientist
741,Tulley,Tattersfield,ttattersfieldkk@nationalgeographic.com,Male,Senior Quality Engineer
742,Humfried,Southcomb,hsouthcombkl@theatlantic.com,Male,Senior Quality Engineer
743,Dulci,Kubach,dkubachkm@java.com,Female,Sales Representative
744,Natalya,McKelvie,nmckelviekn@tiny.cc,Polygender,Account Executive
745,Berton,Cruikshanks,bcruikshanksko@is.gd,Male,Marketing Manager
746,Lezley,Whistan,lwhistankp@ocn.ne.jp,Male,Accounting Assistant I
747,Lisbeth,Emblem,lemblemkq@hud.gov,Female,Safety Technician III
748,Gianni,Alston,galstonkr@biblegateway.com,Male,Electrical Engineer
749,Sim,Osmond,sosmondks@noaa.gov,Male,VP Quality Control
750,Anabal,Diemer,adiemerkt@sina.com.cn,Female,Compensation Analyst
751,Reta,Osgarby,rosgarbyku@soundcloud.com,Female,Pharmacist
752,Lilith,McGoldrick,lmcgoldrickkv@ebay.com,Female,Librarian
753,Raven,Baudou,rbaudoukw@hostgator.com,Female,Analog Circuit Design manager
754,Trixy,Robelin,trobelinkx@java.com,Female,Nurse Practicioner
755,Starlene,Kalinsky,skalinskyky@shutterfly.com,Female,Nurse
756,Obie,Underdown,ounderdownkz@google.de,Non-binary,Assistant Media Planner
757,Derrek,Lacey,dlaceyl0@samsung.com,Male,Human Resources Manager
758,Kahaleel,Ondra,kondral1@bbb.org,Male,Graphic Designer
759,Marlena,Sabatier,msabatierl2@ibm.com,Genderqueer,Executive Secretary
760,Miguelita,Gasson,mgassonl3@boston.com,Bigender,Statistician III
761,Burton,Vallow,bvallowl4@opera.com,Male,Analog Circuit Design manager
762,Birgit,Gethins,bgethinsl5@cafepress.com,Female,Associate Professor
763,Matthieu,Lowden,mlowdenl6@aboutads.info,Male,Physical Therapy Assistant
764,Brandy,Lengthorn,blengthornl7@census.gov,Female,Mechanical Systems Engineer
765,Elmo,Jenckes,ejenckesl8@mozilla.com,Male,Senior Financial Analyst
766,Nicky,Ferrandez,nferrandezl9@princeton.edu,Male,Research Assistant IV
767,Virgil,Hatto,vhattola@bbc.co.uk,Male,Human Resources Assistant I
768,Koren,Pinckney,kpinckneylb@parallels.com,Female,Actuary
769,Mick,Sambell,msambelllc@tinypic.com,Male,Senior Developer
770,Robina,Cherryman,rcherrymanld@51.la,Female,Human Resources Manager
771,Heindrick,Sherington,hsheringtonle@1und1.de,Male,VP Product Management
772,Dar,Aucourte,daucourtelf@nasa.gov,Male,Speech Pathologist
773,Malena,Di Nisco,mdiniscolg@bluehost.com,Female,Community Outreach Specialist
774,Nelia,Korpal,nkorpallh@altervista.org,Female,Senior Financial Analyst
775,Dalton,Furbank,dfurbankli@whitehouse.gov,Male,Account Executive
776,Haleigh,Roncelli,hroncellilj@patch.com,Male,Technical Writer
777,Dylan,Faulkes,dfaulkeslk@redcross.org,Male,Senior Editor
778,Gwenny,Scotchbrook,gscotchbrookll@marriott.com,Female,Environmental Tech
779,Lucille,Picker,lpickerlm@xrea.com,Female,Recruiter
780,Nerissa,Skamell,nskamellln@bluehost.com,Female,Nurse
781,Sonnnie,Merali,smeralilo@elpais.com,Female,GIS Technical Architect
782,Rosene,Turfes,rturfeslp@prweb.com,Female,Tax Accountant
783,Austin,Rickaby,arickabylq@comcast.net,Male,Human Resources Assistant II
784,Danny,Tordiffe,dtordiffelr@oaic.gov.au,Male,Human Resources Manager
785,Elsy,Oldale,eoldalels@technorati.com,Female,General Manager
786,Tiffy,Marchiso,tmarchisolt@exblog.jp,Female,Structural Engineer
787,Gradeigh,Jepperson,gjeppersonlu@businessweek.com,Genderfluid,Social Worker
788,Ivonne,Stonelake,istonelakelv@tinyurl.com,Female,Research Associate
789,Clarette,Stainfield,cstainfieldlw@angelfire.com,Female,Account Coordinator
790,Boniface,Wedderburn,bwedderburnlx@amazon.com,Male,Environmental Tech
791,Aurora,Gildersleaves,agildersleavesly@geocities.com,Female,Paralegal
792,Ambur,Giacovelli,agiacovellilz@home.pl,Female,Business Systems Development Analyst
793,Cam,Leynham,cleynhamm0@cloudflare.com,Female,Financial Analyst
794,Darline,Selwood,dselwoodm1@omniture.com,Female,Senior Cost Accountant
795,Vivienne,Bridden,vbriddenm2@dyndns.org,Female,Cost Accountant
796,Kristopher,Lyttle,klyttlem3@ezinearticles.com,Male,GIS Technical Architect
797,Beverie,Sherrott,bsherrottm4@cmu.edu,Female,Financial Analyst
798,Mariann,Eschalette,meschalettem5@pcworld.com,Female,Developer I
799,Rica,Nizet,rnizetm6@home.pl,Female,Quality Engineer
800,Lindsy,Bartlosz,lbartloszm7@friendfeed.com,Female,Registered Nurse
801,Richmond,Meiner,rmeinerm8@cdbaby.com,Male,General Manager
802,Hermine,Mogridge,hmogridgem9@washingtonpost.com,Female,Web Designer IV
803,Leonidas,Luke,llukema@ted.com,Male,VP Accounting
804,Tymothy,Smalls,tsmallsmb@amazonaws.com,Male,Financial Analyst
805,Clemmie,Hallad,challadmc@statcounter.com,Male,Media Manager II
806,Leshia,Woodruffe,lwoodruffemd@ucoz.com,Female,Staff Accountant III
807,Briney,Bushnell,bbushnellme@odnoklassniki.ru,Female,Analyst Programmer
808,Lynn,Androlli,landrollimf@qq.com,Male,Food Chemist
809,Hermina,Brickhill,hbrickhillmg@123-reg.co.uk,Female,Registered Nurse
810,Verney,Labbey,vlabbeymh@amazonaws.com,Male,Administrative Assistant III
811,Claretta,Dunseath,cdunseathmi@youtu.be,Female,Professor
812,Jordanna,Cremins,jcreminsmj@mysql.com,Female,Senior Cost Accountant
813,Maurizia,Harwood,mharwoodmk@technorati.com,Female,Help Desk Operator
814,Joshuah,Wolver,jwolverml@timesonline.co.uk,Male,Legal Assistant
815,Stanislaw,Sustin,ssustinmm@people.com.cn,Male,Product Engineer
816,Arnold,Doyland,adoylandmn@mtv.com,Male,VP Product Management
817,Audrie,Le Frank,alefrankmo@craigslist.org,Female,Research Assistant II
818,Jere,Antunes,jantunesmp@ifeng.com,Male,Developer IV
819,Gradeigh,Blaszkiewicz,gblaszkiewiczmq@people.com.cn,Male,Statistician I
820,Tybie,Boulde,tbouldemr@flickr.com,Female,Internal Auditor
821,Joelie,Popple,jpopplems@netvibes.com,Female,Analog Circuit Design manager
822,Hollyanne,Rodder,hroddermt@ameblo.jp,Female,Chief Design Engineer
823,Silvan,Harpin,sharpinmu@cornell.edu,Male,Community Outreach Specialist
824,Zared,Friar,zfriarmv@miitbeian.gov.cn,Male,Recruiting Manager
825,Cynthie,Illingworth,cillingworthmw@cmu.edu,Female,Clinical Specialist
826,Ramonda,Longhirst,rlonghirstmx@mac.com,Female,Junior Executive
827,Claudine,Axby,caxbymy@usnews.com,Female,Human Resources Manager
828,Guido,Moran,gmoranmz@wiley.com,Male,Staff Accountant IV
829,Prudence,O'Lunney,polunneyn0@harvard.edu,Female,Speech Pathologist
830,Giacomo,Traynor,gtraynorn1@tamu.edu,Male,Developer III
831,Carita,Purvis,cpurvisn2@paypal.com,Female,Health Coach III
832,Joyous,Itzkovsky,jitzkovskyn3@foxnews.com,Female,Software Test Engineer II
833,Lucretia,Midghall,lmidghalln4@booking.com,Female,Account Representative I
834,Dionisio,Imbrey,dimbreyn5@simplemachines.org,Male,Budget/Accounting Analyst IV
835,Carney,Alti,caltin6@creativecommons.org,Male,Recruiter
836,Patty,Gall,pgalln7@free.fr,Bigender,Financial Analyst
837,Justen,Ivatt,jivattn8@apache.org,Male,Quality Engineer
838,Nanni,Amori,namorin9@surveymonkey.com,Female,Geological Engineer
839,Quintin,Yarmouth,qyarmouthna@hao123.com,Male,Analyst Programmer
840,Ferdie,Siemantel,fsiemantelnb@naver.com,Male,Chemical Engineer
841,Harvey,Frizell,hfrizellnc@gov.uk,Polygender,VP Product Management
842,Raquel,Ivanishin,rivanishinnd@nifty.com,Female,Web Developer IV
843,Ashlan,Llewellyn,allewellynne@nbcnews.com,Agender,Technical Writer
844,Pearline,Castellan,pcastellannf@sitemeter.com,Female,Research Associate
845,Hank,Brenard,hbrenardng@last.fm,Male,Structural Engineer
846,Kacie,Wilfinger,kwilfingernh@slashdot.org,Non-binary,Engineer IV
847,Alfonse,Kiessel,akiesselni@discuz.net,Male,Desktop Support Technician
848,Isaac,Cantle,icantlenj@google.com.br,Male,Help Desk Operator
849,Nickie,Clubb,nclubbnk@slideshare.net,Male,Librarian
850,Agata,Birrel,abirrelnl@barnesandnoble.com,Female,Assistant Professor
851,Kennith,Mabson,kmabsonnm@nasa.gov,Male,Media Manager I
852,Reta,Scholtz,rscholtznn@indiatimes.com,Female,Internal Auditor
853,Sargent,Drewson,sdrewsonno@webeden.co.uk,Male,Quality Engineer
854,Oliver,Reiner,oreinernp@mashable.com,Male,Director of Sales
855,Justin,Aldin,jaldinnq@typepad.com,Male,Environmental Specialist
856,Aurelea,Frosdick,afrosdicknr@ameblo.jp,Female,Payment Adjustment Coordinator
857,Valentino,Sleet,vsleetns@go.com,Male,Budget/Accounting Analyst II
858,Mord,Lambeth,mlambethnt@wsj.com,Male,General Manager
859,Karoline,Ickowics,kickowicsnu@posterous.com,Bigender,Product Engineer
860,Elvyn,Smogur,esmogurnv@archive.org,Male,Compensation Analyst
861,Joelle,Vause,jvausenw@ask.com,Female,Senior Sales Associate
862,Flint,Simeonov,fsimeonovnx@behance.net,Male,Librarian
863,Emmye,Baudone,ebaudoneny@deliciousdays.com,Female,Office Assistant IV
864,Gray,Haselwood,ghaselwoodnz@ibm.com,Male,Administrative Assistant IV
865,Gunter,Castelin,gcastelino0@nifty.com,Male,Tax Accountant
866,Britte,Bloxam,bbloxamo1@livejournal.com,Female,Financial Analyst
867,Ermin,McGonigle,emcgonigleo2@chron.com,Non-binary,Recruiter
868,Toddie,Schimon,tschimono3@ucla.edu,Male,Structural Analysis Engineer
869,Jeth,Laneham,jlanehamo4@dropbox.com,Male,VP Sales
870,Fallon,Newham,fnewhamo5@nationalgeographic.com,Female,Paralegal
871,Devi,Erangy,derangyo6@github.com,Female,Biostatistician III
872,Lilias,Woodhams,lwoodhamso7@jugem.jp,Bigender,Budget/Accounting Analyst IV
873,Drugi,McCarle,dmccarleo8@admin.ch,Male,Design Engineer
874,Esdras,Pietrzyk,epietrzyko9@cafepress.com,Male,Civil Engineer
875,Rosemarie,Mattiacci,rmattiaccioa@tumblr.com,Genderqueer,VP Sales
876,Malvin,Gallichiccio,mgallichiccioob@arstechnica.com,Male,Payment Adjustment Coordinator
877,Brice,Buttle,bbuttleoc@a8.net,Male,Account Coordinator
878,Adriane,Luppitt,aluppittod@go.com,Female,Staff Scientist
879,Jarrad,Clementucci,jclementuccioe@jigsy.com,Male,General Manager
880,Dona,Van Salzberger,dvansalzbergerof@nhs.uk,Bigender,Sales Representative
881,Vernen,Aikenhead,vaikenheadog@eventbrite.com,Male,Product Engineer
882,Natalya,Trownson,ntrownsonoh@technorati.com,Female,Occupational Therapist
883,Milty,Devereu,mdevereuoi@ucla.edu,Male,Software Consultant
884,Tawsha,Loreit,tloreitoj@mashable.com,Female,Environmental Tech
885,Brian,Veighey,bveigheyok@ning.com,Male,Environmental Specialist
886,Adelina,Woodnutt,awoodnuttol@seesaa.net,Female,Structural Analysis Engineer
887,Kimbell,Murford,kmurfordom@people.com.cn,Bigender,Actuary
888,Hoebart,Kydde,hkyddeon@plala.or.jp,Male,Financial Analyst
889,Katerine,Loan,kloanoo@who.int,Female,Help Desk Operator
890,Felicia,Mc Faul,fmcfaulop@businessweek.com,Genderqueer,Human Resources Manager
891,Kyla,Gallaccio,kgallacciooq@paypal.com,Genderfluid,Account Coordinator
892,Tobe,Abramovitch,tabramovitchor@google.ca,Male,Budget/Accounting Analyst I
893,Willow,Lindenbluth,wlindenbluthos@barnesandnoble.com,Female,Human Resources Assistant I
894,Gilbertine,Beddon,gbeddonot@dmoz.org,Female,Software Test Engineer IV
895,Chilton,Kelloway,ckellowayou@spiegel.de,Male,Mechanical Systems Engineer
896,Vivian,Kauschke,vkauschkeov@bloglovin.com,Female,VP Product Management
897,Wesley,Dutnell,wdutnellow@paypal.com,Male,Analog Circuit Design manager
898,Rebecca,Dayne,rdayneox@clickbank.net,Bigender,Health Coach IV
899,Xylina,Cowpe,xcowpeoy@bbb.org,Female,Director of Sales
900,Rea,Makiver,rmakiveroz@amazon.de,Female,Environmental Tech
901,Charmion,Milthorpe,cmilthorpep0@state.tx.us,Female,Legal Assistant
902,Aguistin,Rattray,arattrayp1@amazon.com,Male,Registered Nurse
903,Igor,Crother,icrotherp2@php.net,Male,Research Assistant III
904,Christen,Pattison,cpattisonp3@webs.com,Female,Analog Circuit Design manager
905,Madel,Matelaitis,mmatelaitisp4@icq.com,Female,Media Manager IV
906,Kacey,Maben,kmabenp5@indiegogo.com,Genderfluid,Research Nurse
907,Raf,Walch,rwalchp6@bizjournals.com,Female,Account Executive
908,Garrard,Haldenby,ghaldenbyp7@wufoo.com,Male,Marketing Manager
909,Benni,Brave,bbravep8@webmd.com,Female,Analyst Programmer
910,Maryrose,Barrett,mbarrettp9@jigsy.com,Female,Pharmacist
911,Ameline,O'Dea,aodeapa@phoca.cz,Bigender,Safety Technician IV
912,Gavan,Thaw,gthawpb@last.fm,Male,Statistician II
913,Suzi,Dufer,sduferpc@cornell.edu,Female,Administrative Assistant II
914,Isidor,Ogborn,iogbornpd@businessweek.com,Male,Research Assistant II
915,Cassondra,Mountford,cmountfordpe@nsw.gov.au,Female,Administrative Assistant III
916,Gonzales,Mawd,gmawdpf@elegantthemes.com,Male,Information Systems Manager
917,Stevana,Lyndon,slyndonpg@rediff.com,Female,Database Administrator III
918,Johan,Drewell,jdrewellph@forbes.com,Male,Automation Specialist III
919,Lucais,Anten,lantenpi@dropbox.com,Male,Electrical Engineer
920,Herminia,Glassopp,hglassopppj@sourceforge.net,Bigender,Programmer Analyst II
921,Oswell,Twinberrow,otwinberrowpk@barnesandnoble.com,Male,Biostatistician IV
922,Gerry,Mowsley,gmowsleypl@histats.com,Male,Account Executive
923,Verge,Meedendorpe,vmeedendorpepm@ebay.com,Bigender,Physical Therapy Assistant
924,Cybil,Addicott,caddicottpn@naver.com,Female,Recruiter
925,Philip,Thews,pthewspo@walmart.com,Male,Business Systems Development Analyst
926,Chloris,Klulicek,cklulicekpp@netvibes.com,Female,Food Chemist
927,Kimble,Habert,khabertpq@pcworld.com,Male,Dental Hygienist
928,Bartolemo,Farran,bfarranpr@bandcamp.com,Male,Editor
929,Jozef,Assiratti,jassirattips@printfriendly.com,Male,Structural Engineer
930,Crysta,Enticknap,centicknappt@freewebs.com,Polygender,Geologist II
931,Regine,Gubbins,rgubbinspu@un.org,Female,Editor
932,Penrod,Petrov,ppetrovpv@hostgator.com,Male,VP Quality Control
933,Alaine,Pharro,apharropw@cbsnews.com,Female,Administrative Assistant II
934,Bettye,Fullager,bfullagerpx@princeton.edu,Female,Staff Accountant I
935,Elmore,Todaro,etodaropy@gravatar.com,Genderqueer,Librarian
936,Dill,Guitonneau,dguitonneaupz@deliciousdays.com,Male,Developer II
937,Jackie,Licciardo,jlicciardoq0@rakuten.co.jp,Male,Community Outreach Specialist
938,Brear,Cutmore,bcutmoreq1@dailymotion.com,Female,Professor
939,Arvin,Singers,asingersq2@bloglines.com,Male,Financial Analyst
940,Ursala,Huncoot,uhuncootq3@ow.ly,Female,Chemical Engineer
941,Eugenio,Mayberry,emayberryq4@psu.edu,Male,Assistant Manager
942,Rina,Kelledy,rkelledyq5@slate.com,Female,Recruiting Manager
943,Enoch,Barnsdale,ebarnsdaleq6@networkadvertising.org,Male,Paralegal
944,Annie,Nelm,anelmq7@howstuffworks.com,Female,VP Marketing
945,Celle,Chapell,cchapellq8@miibeian.gov.cn,Female,Tax Accountant
946,Jeth,Longthorne,jlongthorneq9@infoseek.co.jp,Male,Recruiter
947,Wyatt,Frissell,wfrissellqa@histats.com,Male,Help Desk Operator
948,Madel,Prendergrass,mprendergrassqb@go.com,Female,Automation Specialist I
949,Albert,Bizley,abizleyqc@google.ca,Bigender,Web Developer III
950,Casper,Lynes,clynesqd@geocities.com,Male,Engineer II
951,Chris,Sprouls,csproulsqe@redcross.org,Female,Financial Analyst
952,Tabina,Trillow,ttrillowqf@about.com,Female,Speech Pathologist
953,Letta,Harsnep,lharsnepqg@shop-pro.jp,Female,VP Product Management
954,Anni,Trowle,atrowleqh@umn.edu,Female,Operator
955,Tom,Mityukov,tmityukovqi@example.com,Male,Engineer I
956,Denis,Pigdon,dpigdonqj@si.edu,Male,Social Worker
957,Cassandre,Tegler,cteglerqk@webeden.co.uk,Female,Nuclear Power Engineer
958,Errick,Campany,ecampanyql@amazon.com,Male,Structural Engineer
959,Damita,Alelsandrovich,dalelsandrovichqm@answers.com,Female,Nuclear Power Engineer
960,Karoline,Ros,krosqn@i2i.jp,Female,Payment Adjustment Coordinator
961,Banky,O'Curneen,bocurneenqo@github.com,Genderqueer,Product Engineer
962,Eula,Baldacco,ebaldaccoqp@php.net,Female,Registered Nurse
963,Marleen,Obray,mobrayqq@hibu.com,Female,Recruiting Manager
964,Jamison,Knaggs,jknaggsqr@mozilla.com,Male,Actuary
965,Romy,Felten,rfeltenqs@google.de,Female,Associate Professor
966,Siffre,Pottage,spottageqt@prlog.org,Male,Information Systems Manager
967,Lindon,Brekonridge,lbrekonridgequ@cocolog-nifty.com,Male,Quality Control Specialist
968,Renard,Droghan,rdroghanqv@a8.net,Male,Paralegal
969,Lanni,Gavrieli,lgavrieliqw@slideshare.net,Female,Software Engineer II
970,Eward,Jellett,ejellettqx@adobe.com,Male,Recruiter
971,Maire,Whitebread,mwhitebreadqy@aboutads.info,Female,Senior Editor
972,Beck,Knudsen,bknudsenqz@usa.gov,Male,Account Coordinator
973,Neille,Ralestone,nralestoner0@booking.com,Female,Project Manager
974,Genevra,Deelay,gdeelayr1@cbc.ca,Female,VP Sales
975,Gaven,Siebert,gsiebertr2@vistaprint.com,Male,Senior Quality Engineer
976,Fraze,Tinmouth,ftinmouthr3@cnn.com,Male,Operator
977,Eadmund,Filimore,efilimorer4@mlb.com,Male,Senior Sales Associate
978,Homere,Stote,hstoter5@bloglines.com,Male,Senior Editor
979,Franky,Klos,fklosr6@gnu.org,Male,Professor
980,Merwyn,Mila,mmilar7@examiner.com,Male,Electrical Engineer
981,Austina,Gettone,agettoner8@squarespace.com,Female,Professor
982,Judith,Leach,jleachr9@domainmarket.com,Female,Speech Pathologist
983,Jecho,Leggin,jlegginra@yale.edu,Male,Graphic Designer
984,Brook,Fensome,bfensomerb@nasa.gov,Female,Structural Engineer
985,Clara,Yellep,cyelleprc@tuttocitta.it,Female,Staff Scientist
986,Peggy,Liveley,pliveleyrd@wufoo.com,Female,Compensation Analyst
987,Tannie,Scarth,tscarthre@salon.com,Male,Analog Circuit Design manager
988,Barr,Brogioni,bbrogionirf@rakuten.co.jp,Male,Web Developer III
989,Rose,Haggerston,rhaggerstonrg@tinyurl.com,Female,GIS Technical Architect
990,Nata,Lampel,nlampelrh@delicious.com,Female,Civil Engineer
991,Inglebert,de Marco,idemarcori@theatlantic.com,Male,Nuclear Power Engineer
992,Rodolfo,Gorden,rgordenrj@japanpost.jp,Male,Technical Writer
993,Delmor,Newick,dnewickrk@edublogs.org,Bigender,Compensation Analyst
994,Alex,Juszczyk,ajuszczykrl@slideshare.net,Male,Analyst Programmer
995,Davy,Laingmaid,dlaingmaidrm@canalblog.com,Male,Research Assistant III
996,Candi,Larmet,clarmetrn@cbslocal.com,Female,Structural Analysis Engineer
997,Wynnie,Lacrouts,wlacroutsro@youtu.be,Female,Senior Quality Engineer
998,Lionel,Hedan,lhedanrp@scribd.com,Male,Senior Editor
999,Lizzy,Maudett,lmaudettrq@moonfruit.com,Female,Administrative Officer
1000,Tammy,Saterthwait,tsaterthwaitrr@tumblr.com,Female,Operator
